{
  "feature_cols": [
    "Usia",
    "BMI",
    "HbA1c",
    "HOMA2-B",
    "HOMA2-IR"
  ],
  "mean": [
    52.61933534743203,
    32.43504531722054,
    7.243202416918429,
    71.26646525679757,
    2.3498217522658607
  ],
  "std": [
    10.436247475749134,
    7.320207290143321,
    1.4615601931830153,
    43.5445559956887,
    1.4864326937268135
  ],
  "centroids_zscore": [
    [
      -0.31921977389809836,
      0.8053402696697496,
      -0.32708259570603426,
      1.3836100720448066,
      1.2519577797640158
    ],
    [
      0.9769985482658926,
      -0.2232278921437675,
      -0.5244418884472413,
      0.06355594315855939,
      -0.36839121264495156
    ],
    [
      -0.295590210559845,
      0.3633479440626987,
      1.6703248713866459,
      -0.848419523840177,
      0.29868244492744656
    ],
    [
      -0.6001741652080924,
      -0.49263620829838334,
      -0.20455650686308932,
      -0.4678480242072933,
      -0.596235580459489
    ]
  ],
  "centroids_asli": [
    [
      49.28787878787879,
      38.33030303030303,
      6.765151515151516,
      131.51515151515153,
      4.210772727272728
    ],
    [
      62.815533980582515,
      30.800970873786408,
      6.476699029126213,
      74.03398058252426,
      1.802233009708738
    ],
    [
      49.53448275862069,
      35.0948275862069,
      9.68448275862069,
      34.32241379310344,
      2.7937931034482757
    ],
    [
      46.355769230769226,
      28.828846153846154,
      6.944230769230769,
      50.894230769230774,
      1.4635576923076923
    ]
  ],
  "n_clusters": 4,
  "dbi": 1.3628
}
