{
  "feature_cols": [
    "Usia",
    "BMI",
    "HbA1c",
    "HOMA2-B",
    "HOMA2-IR"
  ],
  "mean": [
    52.60597014925373,
    32.506268656716415,
    7.263283582089553,
    72.64029850746269,
    2.3983313432835818
  ],
  "std": [
    10.45864225334902,
    7.498969357492633,
    1.4895427784395792,
    46.451571780389834,
    1.595185766424676
  ],
  "centroids_zscore": [
    [
      -0.6539070457067829,
      -0.4471108546555067,
      -0.17154028437234004,
      -0.46503191879345035,
      -0.5636993186735589
    ],
    [
      -0.41333771407516334,
      0.4759591446830764,
      1.711883674634384,
      -0.7646169039434526,
      0.539103696641139
    ],
    [
      -0.2758849422386226,
      0.7602490439254548,
      -0.3406422672062644,
      1.398059353959901,
      1.118572180732003
    ],
    [
      0.9731486542883673,
      -0.27811127590645635,
      -0.44952712878599627,
      -0.05986533805896312,
      -0.41958895845387284
    ]
  ],
  "centroids_asli": [
    [
      45.76699029126214,
      29.153398058252428,
      7.0077669902912625,
      51.03883495145631,
      1.499126213592233
    ],
    [
      48.28301886792453,
      36.075471698113205,
      9.81320754716981,
      37.12264150943396,
      3.258301886792453
    ],
    [
      49.720588235294116,
      38.207352941176474,
      6.7558823529411764,
      137.58235294117645,
      4.182661764705883
    ],
    [
      62.78378378378378,
      30.42072072072072,
      6.593693693693694,
      69.85945945945946,
      1.7290090090090091
    ]
  ],
  "n_clusters": 4,
  "dbi": 1.3594
}
